{"16": [53.749333, -2.623749], "12": [51.479, 0], "10": [52.245265, 0.879699], "19": [50.963215, 0.425094], "20": [51.085069, -1.227528], "22": [50.924357, -3.363745], "21": [51.589763, -3.39584], "14": [51.983217, -2.419789], "11": [52.809384, -1.399971], "13": [53.107985, -3.005448], "23": [53.726173, -1.1447], "15": [55.007566, -1.482395], "18": [55.852829, -3.740995], "17": [57.175563, -2.424721]}